{
  "metaData" : { "fields" : [ 
    { "name": "Name", "type": "string"}, 
    { "name" : "Population", "type": "int" }
    ]
  },
  "Data" : [
    {
      "Name" : "Afghanistan",
      "Population" : 31628000
    },
    {
      "Name" : "Albania",
      "Population" : 2894000
    },
    {
      "Name" : "Algeria",
      "Population" : 38934000
    },
    {
      "Name" : "Angola",
      "Population" : 24228000
    },
    {
      "Name" : "Argentina",
      "Population" : 42980000
    },
    {
      "Name" : "Armenia",
      "Population" : 3006000
    },
    {
      "Name" : "Australia",
      "Population" : 23491000
    },
    {
      "Name" : "Austria",
      "Population" : 8534000
    },
    {
      "Name" : "Azerbaijan",
      "Population" : 9538000
    },
    {
      "Name" : "Bahrain",
      "Population" : 1362000
    },
    {
      "Name" : "Bangladesh",
      "Population" : 159078000
    },
    {
      "Name" : "Belarus",
      "Population" : 9470000
    },
    {
      "Name" : "Belgium",
      "Population" : 11225000
    },
    {
      "Name" : "Benin",
      "Population" : 10598000
    },
    {
      "Name" : "Bolivia",
      "Population" : 10562000
    },
    {
      "Name" : "Bosnia and Herzegovina",
      "Population" : 3818000
    },
    {
      "Name" : "Botswana",
      "Population" : 2220000
    },
    {
      "Name" : "Brazil",
      "Population" : 206078000
    },
    {
      "Name" : "Bulgaria",
      "Population" : 7226000
    },
    {
      "Name" : "Burkina Faso",
      "Population" : 17589000
    },
    {
      "Name" : "Burundi",
      "Population" : 10817000
    },
    {
      "Name" : "Cambodia",
      "Population" : 15328000
    },
    {
      "Name" : "Cameroon",
      "Population" : 22773000
    },
    {
      "Name" : "Canada",
      "Population" : 35540000
    },
    {
      "Name" : "Central African Republic",
      "Population" : 4804000
    },
    {
      "Name" : "Chad",
      "Population" : 13587000
    },
    {
      "Name" : "Chile",
      "Population" : 17763000
    },
    {
      "Name" : "China",
      "Population" : 1364270000
    },
    {
      "Name" : "Colombia",
      "Population" : 47791000
    },
    {
      "Name" : "Congo Dem. Rep.",
      "Population" : 74877000
    },
    {
      "Name" : "Congo Rep.",
      "Population" : 4505000
    },
    {
      "Name" : "Costa Rica",
      "Population" : 4758000
    },
    {
      "Name" : "Croatia",
      "Population" : 4236000
    },
    {
      "Name" : "Cuba",
      "Population" : 11379000
    },
    {
      "Name" : "Cyprus",
      "Population" : 1154000
    },
    {
      "Name" : "Czech Republic",
      "Population" : 10511000
    },
    {
      "Name" : "Denmark",
      "Population" : 5640000
    },
    {
      "Name" : "Dominican Republic",
      "Population" : 10406000
    },
    {
      "Name" : "Ecuador",
      "Population" : 15903000
    },
    {
      "Name" : "Egypt Arab Rep.",
      "Population" : 89580000
    },
    {
      "Name" : "El Salvador",
      "Population" : 6108000
    },
    {
      "Name" : "Eritrea",
      "Population" : 5110000
    },
    {
      "Name" : "Estonia",
      "Population" : 1314000
    },
    {
      "Name" : "Ethiopia",
      "Population" : 96959000
    },
    {
      "Name" : "Finland",
      "Population" : 5464000
    },
    {
      "Name" : "France",
      "Population" : 66207000
    },
    {
      "Name" : "Gabon",
      "Population" : 1688000
    },
    {
      "Name" : "Gambia The",
      "Population" : 1928000
    },
    {
      "Name" : "Georgia",
      "Population" : 4504000
    },
    {
      "Name" : "Germany",
      "Population" : 80890000
    },
    {
      "Name" : "Ghana",
      "Population" : 26787000
    },
    {
      "Name" : "Greece",
      "Population" : 10958000
    },
    {
      "Name" : "Guatemala",
      "Population" : 16015000
    },
    {
      "Name" : "Guinea-Bissau",
      "Population" : 1801000
    },
    {
      "Name" : "Guinea",
      "Population" : 12276000
    },
    {
      "Name" : "Haiti",
      "Population" : 10572000
    },
    {
      "Name" : "Honduras",
      "Population" : 7962000
    },
    {
      "Name" : "Hong Kong SAR China",
      "Population" : 7242000
    },
    {
      "Name" : "Hungary",
      "Population" : 9862000
    },
    {
      "Name" : "India",
      "Population" : 1295292000
    },
    {
      "Name" : "Indonesia",
      "Population" : 254455000
    },
    {
      "Name" : "Iran Islamic Rep.",
      "Population" : 78144000
    },
    {
      "Name" : "Iraq",
      "Population" : 34812000
    },
    {
      "Name" : "Ireland",
      "Population" : 4613000
    },
    {
      "Name" : "Israel",
      "Population" : 8215000
    },
    {
      "Name" : "Italy",
      "Population" : 61336000
    },
    {
      "Name" : "Jamaica",
      "Population" : 2721000
    },
    {
      "Name" : "Japan",
      "Population" : 127132000
    },
    {
      "Name" : "Jordan",
      "Population" : 6607000
    },
    {
      "Name" : "Kazakhstan",
      "Population" : 17289000
    },
    {
      "Name" : "Kenya",
      "Population" : 44864000
    },
    {
      "Name" : "Korea Dem. Rep.",
      "Population" : 25027000
    },
    {
      "Name" : "Korea Rep.",
      "Population" : 50424000
    },
    {
      "Name" : "Kosovo",
      "Population" : 1823000
    },
    {
      "Name" : "Kuwait",
      "Population" : 3753000
    },
    {
      "Name" : "Kyrgyz Republic",
      "Population" : 5834000
    },
    {
      "Name" : "Lao PDR",
      "Population" : 6689000
    },
    {
      "Name" : "Latvia",
      "Population" : 1990000
    },
    {
      "Name" : "Lebanon",
      "Population" : 4547000
    },
    {
      "Name" : "Lesotho",
      "Population" : 2109000
    },
    {
      "Name" : "Liberia",
      "Population" : 4397000
    },
    {
      "Name" : "Libya",
      "Population" : 6259000
    },
    {
      "Name" : "Lithuania",
      "Population" : 2929000
    },
    {
      "Name" : "Macedonia FYR",
      "Population" : 2076000
    },
    {
      "Name" : "Madagascar",
      "Population" : 23572000
    },
    {
      "Name" : "Malawi",
      "Population" : 16695000
    },
    {
      "Name" : "Malaysia",
      "Population" : 29902000
    },
    {
      "Name" : "Mali",
      "Population" : 17086000
    },
    {
      "Name" : "Mauritania",
      "Population" : 3970000
    },
    {
      "Name" : "Mauritius",
      "Population" : 1261000
    },
    {
      "Name" : "Mexico",
      "Population" : 125386000
    },
    {
      "Name" : "Moldova",
      "Population" : 3556000
    },
    {
      "Name" : "Mongolia",
      "Population" : 2910000
    },
    {
      "Name" : "Morocco",
      "Population" : 33921000
    },
    {
      "Name" : "Mozambique",
      "Population" : 27216000
    },
    {
      "Name" : "Myanmar",
      "Population" : 53437000
    },
    {
      "Name" : "Namibia",
      "Population" : 2403000
    },
    {
      "Name" : "Nepal",
      "Population" : 28175000
    },
    {
      "Name" : "Netherlands",
      "Population" : 16854000
    },
    {
      "Name" : "New Zealand",
      "Population" : 4510000
    },
    {
      "Name" : "Nicaragua",
      "Population" : 6014000
    },
    {
      "Name" : "Niger",
      "Population" : 19114000
    },
    {
      "Name" : "Nigeria",
      "Population" : 177476000
    },
    {
      "Name" : "Norway",
      "Population" : 5136000
    },
    {
      "Name" : "Oman",
      "Population" : 4236000
    },
    {
      "Name" : "Pakistan",
      "Population" : 185044000
    },
    {
      "Name" : "Panama",
      "Population" : 3868000
    },
    {
      "Name" : "Papua New Guinea",
      "Population" : 7464000
    },
    {
      "Name" : "Paraguay",
      "Population" : 6553000
    },
    {
      "Name" : "Peru",
      "Population" : 30973000
    },
    {
      "Name" : "Philippines",
      "Population" : 99139000
    },
    {
      "Name" : "Poland",
      "Population" : 37996000
    },
    {
      "Name" : "Portugal",
      "Population" : 10397000
    },
    {
      "Name" : "Puerto Rico",
      "Population" : 3548000
    },
    {
      "Name" : "Qatar",
      "Population" : 2172000
    },
    {
      "Name" : "Romania",
      "Population" : 19911000
    },
    {
      "Name" : "Russian Federation",
      "Population" : 143820000
    },
    {
      "Name" : "Rwanda",
      "Population" : 11342000
    },
    {
      "Name" : "Saudi Arabia",
      "Population" : 30887000
    },
    {
      "Name" : "Senegal",
      "Population" : 14673000
    },
    {
      "Name" : "Serbia",
      "Population" : 7129000
    },
    {
      "Name" : "Sierra Leone",
      "Population" : 6316000
    },
    {
      "Name" : "Singapore",
      "Population" : 5470000
    },
    {
      "Name" : "Slovak Republic",
      "Population" : 5419000
    },
    {
      "Name" : "Slovenia",
      "Population" : 2062000
    },
    {
      "Name" : "Somalia",
      "Population" : 10518000
    },
    {
      "Name" : "South Africa",
      "Population" : 54002000
    },
    {
      "Name" : "South Sudan",
      "Population" : 11911000
    },
    {
      "Name" : "Spain",
      "Population" : 46405000
    },
    {
      "Name" : "Sri Lanka",
      "Population" : 20639000
    },
    {
      "Name" : "Sudan",
      "Population" : 39350000
    },
    {
      "Name" : "Swaziland",
      "Population" : 1269000
    },
    {
      "Name" : "Sweden",
      "Population" : 9690000
    },
    {
      "Name" : "Switzerland",
      "Population" : 8190000
    },
    {
      "Name" : "Syrian Arab Republic",
      "Population" : 22158000
    },
    {
      "Name" : "Tajikistan",
      "Population" : 8296000
    },
    {
      "Name" : "Tanzania",
      "Population" : 51823000
    },
    {
      "Name" : "Thailand",
      "Population" : 67726000
    },
    {
      "Name" : "Timor-Leste",
      "Population" : 1212000
    },
    {
      "Name" : "Togo",
      "Population" : 7115000
    },
    {
      "Name" : "Trinidad and Tobago",
      "Population" : 1354000
    },
    {
      "Name" : "Tunisia",
      "Population" : 10997000
    },
    {
      "Name" : "Turkey",
      "Population" : 75932000
    },
    {
      "Name" : "Turkmenistan",
      "Population" : 5307000
    },
    {
      "Name" : "Uganda",
      "Population" : 37783000
    },
    {
      "Name" : "Ukraine",
      "Population" : 45363000
    },
    {
      "Name" : "United Arab Emirates",
      "Population" : 9086000
    },
    {
      "Name" : "United Kingdom",
      "Population" : 64510000
    },
    {
      "Name" : "United States",
      "Population" : 318857000
    },
    {
      "Name" : "Uruguay",
      "Population" : 3420000
    },
    {
      "Name" : "Uzbekistan",
      "Population" : 30743000
    },
    {
      "Name" : "Venezuela RB",
      "Population" : 30694000
    },
    {
      "Name" : "Vietnam",
      "Population" : 90730000
    },
    {
      "Name" : "West Bank and Gaza",
      "Population" : 4295000
    },
    {
      "Name" : "Yemen Rep.",
      "Population" : 26184000
    },
    {
      "Name" : "Zambia",
      "Population" : 15721000
    },
    {
      "Name" : "Zimbabwe",
      "Population" : 15246000
    }
  ]
}
